<seelog type="sync">
    <outputs formatid="main">
        <filter levels="trace,debug,info,warn,critical,error">
            <console />
        </filter>
        <filter levels="debug,info,warn">
        	<rollingfile type="date" filename="logs/web.log" datepattern="2006-01-02" maxrolls="7" />
        </filter>
        <filter levels="critical,error">
            <file path="logs/web-error.log"/>
        </filter>
    </outputs>

    <formats>
        <format id="main" format="[%Date %Time] %RelFile:%Line [%LEV] %Msg%n"/>
    </formats>
</seelog>